-- MySQL dump 10.13  Distrib 8.0.40, for Win64 (x86_64)
--
-- Host: 127.0.0.1    Database: health
-- ------------------------------------------------------
-- Server version	8.0.40

/*!40101 SET @OLD_CHARACTER_SET_CLIENT=@@CHARACTER_SET_CLIENT */;
/*!40101 SET @OLD_CHARACTER_SET_RESULTS=@@CHARACTER_SET_RESULTS */;
/*!40101 SET @OLD_COLLATION_CONNECTION=@@COLLATION_CONNECTION */;
/*!50503 SET NAMES utf8 */;
/*!40103 SET @OLD_TIME_ZONE=@@TIME_ZONE */;
/*!40103 SET TIME_ZONE='+00:00' */;
/*!40014 SET @OLD_UNIQUE_CHECKS=@@UNIQUE_CHECKS, UNIQUE_CHECKS=0 */;
/*!40014 SET @OLD_FOREIGN_KEY_CHECKS=@@FOREIGN_KEY_CHECKS, FOREIGN_KEY_CHECKS=0 */;
/*!40101 SET @OLD_SQL_MODE=@@SQL_MODE, SQL_MODE='NO_AUTO_VALUE_ON_ZERO' */;
/*!40111 SET @OLD_SQL_NOTES=@@SQL_NOTES, SQL_NOTES=0 */;

--
-- Table structure for table `address`
--

DROP TABLE IF EXISTS `address`;
/*!40101 SET @saved_cs_client     = @@character_set_client */;
/*!50503 SET character_set_client = utf8mb4 */;
CREATE TABLE `address` (
  `id` int NOT NULL COMMENT '主键',
  `address` varchar(500) DEFAULT NULL COMMENT '地址详细',
  `phone` varchar(50) DEFAULT NULL COMMENT '联系电话',
  `user_id` int DEFAULT NULL COMMENT '用户id',
  PRIMARY KEY (`id`),
  UNIQUE KEY `address_id_uindex` (`id`),
  KEY `address_user_id_fk` (`user_id`),
  CONSTRAINT `address_user_id_fk` FOREIGN KEY (`user_id`) REFERENCES `user` (`id`)
) ENGINE=InnoDB DEFAULT CHARSET=utf8mb4 COLLATE=utf8mb4_0900_ai_ci;
/*!40101 SET character_set_client = @saved_cs_client */;

--
-- Dumping data for table `address`
--

LOCK TABLES `address` WRITE;
/*!40000 ALTER TABLE `address` DISABLE KEYS */;
INSERT INTO `address` VALUES (1,'湖北省武汉市','18714653265',2);
/*!40000 ALTER TABLE `address` ENABLE KEYS */;
UNLOCK TABLES;

--
-- Table structure for table `article`
--

DROP TABLE IF EXISTS `article`;
/*!40101 SET @saved_cs_client     = @@character_set_client */;
/*!50503 SET character_set_client = utf8mb4 */;
CREATE TABLE `article` (
  `id` int NOT NULL,
  `name` varchar(200) DEFAULT NULL COMMENT '文章名字',
  `year` int DEFAULT NULL COMMENT '发布日期',
  `area` varchar(100) DEFAULT NULL COMMENT '地区',
  PRIMARY KEY (`id`),
  UNIQUE KEY `article_id_uindex` (`id`)
) ENGINE=InnoDB DEFAULT CHARSET=utf8mb4 COLLATE=utf8mb4_0900_ai_ci;
/*!40101 SET character_set_client = @saved_cs_client */;

--
-- Dumping data for table `article`
--

LOCK TABLES `article` WRITE;
/*!40000 ALTER TABLE `article` DISABLE KEYS */;
INSERT INTO `article` VALUES (1,'阎美英,于澄,李晨等.大学生饮食习惯在体育锻炼与亚健康状态之间的中介效应[J].江苏预防医学,2023,34(04):417-419+432.DOI:10.13668/j.issn.1006-9070.2023.04.011.',2023,NULL),(2,'麦勒斯. 蒙医学对亚健康状态的文献研究[D].内蒙古民族大学,2023',2023,NULL),(3,'刘姗姗,陈星良,吕小锋等.浅谈针灸对肝郁脾虚型亚健康状态的调治[J].中医药临床杂志,2023,35(08):1478-1482.DOI:10.16448/j.cjtcm.2023.0806.',2023,NULL),(4,'谢川,王媛,谢卫娜.穴位埋线治疗亚健康态（气郁质）失眠的疗效观察[J].新疆中医药,2023,41(04):24-26',2023,NULL),(5,'孙晓东.运动对亚健康状态大学生身心健康、颈部健康和生命质量的影响研究[J].安徽体育科技,2023,44(03):87-93.',2023,NULL),(6,'范朝阳. 针刺后顶透百会穴对亚健康状态青年心率变异性及血清NE的影响[D].黑龙江中医药大学,2023.DOI:10.27127/d.cnki.ghlzu.2023.000635.',2023,NULL),(7,'张怀,甘凤夏,林建云等.参茸白凤丸干预阳虚质亚健康状态临床观察[J].中国中医药现代远程教育,2023,21(16):87-88.',2023,NULL),(8,'谢川,王媛,谢卫娜.穴位埋线治疗亚健康态（气郁质）失眠的疗效观察[J].新疆中医药,2023,41(04):24-26.',2023,'新疆'),(9,'刘姗姗,陈星良,吕小锋等.浅谈针灸对肝郁脾虚型亚健康状态的调治[J].中医药临床杂志,2023,35(08):1478-1482.DOI:10.16448/j.cjtcm.2023.0806.',2023,NULL),(10,'李涛,郭建斌,刘伟等.督灸配合中医定向药透疗法干预青少年颈椎亚健康的临床研究[J].宁夏医学杂志,2023,45(08):744-746.DOI:10.13621/j.1001-5949.2023.08.0744.',2023,'宁夏'),(11,'荆聪聪,许家佗,李勇枝等.疲劳型亚健康的临床症状以及脉图特征分析[J].中华中医药杂志,2023,38(06):2816-2819.',2023,NULL),(12,'西轩功,于芳,Amith Pathirana等.新冠疫情期间在华留学生亚健康状况及影响因素研究[J].体育科技,2023,44(01):29-32.DOI:10.14038/j.cnki.tykj.2023.01.030.',2023,NULL),(13,'吴志刚.老技术专家再创业，誓做亚健康顽疾的“逆行者”[J].中关村,2022(10):48-50.',2022,NULL),(14,'孙涛,何清湖,朱嵘等.中医亚健康状态分类指南[J].世界中西医结合杂志,2022,17(09):1891-1893+1898.DOI:10.13935/j.cnki.sjzx.220940.',2022,NULL),(15,'覃英梅,潘红丹.壮医神龙灸对亚健康人群临床有效性分析[J].中外医学研究,2022,20(26):113-116.DOI:10.14033/j.cnki.cfmr.2022.26.030.',2022,NULL),(16,'李旭艳,李祝天,刘承,王定彬,王丽霞,李巧.海南省大学生亚健康状况与日常生活习惯的相关性[J].职业与健康,2022,38(24):3399-3402+3407.',2022,NULL),(17,'陈芳.八段锦提升大学生颈椎亚健康实验探究[J].武术研究,2022,7(03):90-92.',2022,NULL),(18,'陈春蕾,徐娜,张雨,唐玄兵.大学生颈椎亚健康相关研究进展[J].卫生职业教育,2022,40(01):118-119.',2022,NULL),(19,'李涛,郭建斌,刘伟等.督灸配合中医定向药透疗法干预青少年颈椎亚健康的临床研究[J].宁夏医学杂志,2023,45(08):744-746.DOI:10.13621/j.1001-5949.2023.08.0744.',2021,NULL),(20,'沈敏. 苏州地区大学生亚健康状态与中医体质类型的相关性调查研究及干预措施的初步探讨[D].苏州大学,2021.DOI:10.27351/d.cnki.gszhu.2018.001139.',2021,NULL),(21,'李帅伟. 基于终身体育理念的大学生运动健康管理系统构建[D].宁夏大学,2021.DOI:10.27257/d.cnki.gnxhc.2021.001091.',2021,NULL),(22,'朱茵渠,宋红粤,李亦琪,等.大学生饮食习惯与体质健康的相关性分析[J].中国现代医生,2022,60(23):77-79+83.',2021,NULL),(23,'苏亚利.当代大学生体质健康问题研究[J].田径,2022(04):82-83.',2021,NULL),(24,'彭维友. BP神经网络亚健康识别算法的研究与实现[D].西安科技大学,2020.',2020,NULL),(25,'张学英. 八段锦对护士亚健康状态干预效果的研究[D].长春中医药大学,2018.',2018,NULL),(26,'黄艳燕. 调督温阳法调治阳虚质亚健康状态的临床观察[D].广西中医药大学,2018. ',2018,NULL),(27,'顾羽. 耳穴贴磁法对大学生亚健康失眠状态的干预作用[D].湖南中医药大学,2018.',2018,NULL),(28,'王云竹. 基于SVM的人体亚健康状态检测方法的研究与实现[D].北京工业大学,2018.',2018,NULL),(29,'张丽,孙冰,郑桂芝等.某高校临床医学专业大学生亚健康中医证候调查与分析[J].中国冶金工业医学杂志,2018,35(02):185-186.DOI:10.13586/j.cnki.yjyx1984.2018.02.054.',2018,NULL),(30,'于雪双,王风鹤,贾月辉等.齐齐哈尔市某高校在校大学生亚健康状况及影响因素研究[J].中国预防医学杂志,2018,19(05):360-364.DOI:10.16506/j.1009-6639.2018.05.008.',2018,NULL),(31,'张磊,姚剑文.传统养生体育对甘肃大学生亚健康问题的干预研究[J].武术研究,2018,3(07):82-85.DOI:10.13293/j.cnki.wskx.007294.',2018,NULL),(32,'赵雁楠.辽宁省高校学生健康认知、评价与影响因素调查分析[J].中国冶金教育,2018(04):121-124.DOI:10.16312/j.cnki.cn11-3775/g4.2018.04.043.',2018,NULL),(33,'屈丽娟,邢晓轲.高职生与普通大学生心理亚健康状况比较研究[J] .教育现代化, 2018,5(46):233-234.DOI:10.16541/j.cnki.2095-8420.2018.46.099.',2018,NULL),(34,'陈基成.亚健康与大学生颈椎病保健体操的研究[J].智库时代,2018(50):159+188.',2018,NULL),(35,'陈苏英. 脊柱保健操对改善办公室人群脊柱亚健康状态的实验研究[D].河北师范大学,2017.',2017,NULL),(36,'杨阳. 某市医护人员亚健康状态调查与体育锻炼关系的研究[D].新疆师范大学,2017.',2017,NULL),(37,'张荣利. 逆灸对绝经前后亚健康状态生活质量的影响及机理研究[D].南京中医药大学,2017.',2017,NULL),(38,'沈洁. 艾灸对绝经前后亚健康状态女性的内分泌及免疫机制研究[D].南京中医药大学,2017.',2017,NULL),(39,'王万芳.乒乓球运动对大学生亚健康状态的干预效果研究[J].体育世界(学术版),2018(03):184-185.',2018,NULL),(40,'黄娜,沈旭慧.盐城市大学生亚健康状况调查及影响因素分析[J].护理研究,2018,32(06):983-986.',2018,NULL),(41,'夏聪,杨枭楠,许军,等.大学生亚健康评定量表的测评及应用分析[J].重庆医学,2018,47(08):1012-1015.',2018,NULL),(42,'郑雪婷,陈文杰,李美珍,等.2015年东莞市大学生心理亚健康现状及影响因素分析[J].实用预防医学,2018,25(03):282-285.',2018,NULL),(43,'吴建国,陈伟华.大学生心理亚健康状态的分析——以西藏警官高等专科学校为例[J].法制与社会,2018(08):191-192.DOI:10.19387/j.cnki.1009-0592.2018.03.205.',2018,NULL),(44,'岳文静,张宇.天津市大学生亚健康知识认知及其影响因素[J].应用预防医学,2018,24(01):53-55.',2018,NULL),(45,'张志龙,龙超,蔡仕飞,等.足部反射疗法与头面部自我推拿调理大学生亚健康状态疗效观察[J].济宁医学院学报,2018,41(01):69-72.',2018,NULL),(46,'郭昆.大学生亚健康影响因素与预防[J].广东蚕业,2018,52(02):148.',2018,NULL),(47,'刘延莹,冯庆鲲.有氧运动结合健康教育对亚健康疲劳状态女大学生的影响[J].南京体育学院学报,2018,1(02):45-55.DOI:10.15877/j.cnki.nsin.2018.02.007.',2018,NULL),(48,'李珊珊.关于大学生颈椎亚健康调查问卷分析报告[J].当代体育科技,2018,8(04):250-251.DOI:10.16655/j.cnki.2095-2813.2018.04.250.',2018,NULL),(49,'余洛潇,蒋莉莉,张悦,等.颈椎运动疗法干预大学生颈椎亚健康状况的效果分析[J].全科护理,2018,16(02):227-228.',2018,NULL),(50,'李白坤,湛宇灿,李静,等.某中医药大学低年级学生亚健康状况及其相关因素分析[J].中华疾病控制杂志,2018,22(01):66-69.DOI:10.16462/j.cnki.zhjbkz.2018.01.015.',2018,NULL),(51,'湛宇灿,李白坤,李静,等.医学大学生亚健康状况问卷的编制与性能测试[J].安徽预防医学杂志,2017,23(06):375-377+408.',2017,NULL),(52,'付蓓,肖清丰.艾灸联合耳穴贴压治疗中医院校大学生亚健康失眠48例临床观察[J].甘肃中医药大学学报,2020,37(02):78-81.DOI:10.16841/j.issn1003-8450.2020.02.17',2020,NULL),(53,'余佳乐,周惠新.八段锦提升大学生颈椎亚健康的实验研究[J].武术研究,2018,3(04):113-118.DOI:10.13293/j.cnki.wskx.007162.',2017,NULL),(54,'张铭,刘欢,黄旭,等.芜湖市大学生亚健康状况调查及影响因素分析[J].长治医学院学报,2017,31(06):421-424.',2017,NULL),(55,'穆可,宋振中,马迪,等.2016年陕西省某医学院大学生亚健康状况及影响因素[J].职业与健康,2017,33(23):3292-3294.DOI:10.13329/j.cnki.zyyjk.2017.1007.',2017,NULL),(56,'蔡丽媛,王静,袁慧玲.浅谈大学生亚健康现状及预防[J].中国市场,2017(30):212-213+224.DOI:10.13939/j.cnki.zgsc.2017.30.212.',2017,NULL),(57,'张睿,田天,何欣.在校大学生“亚健康”的现状与防范对策[J].中国市场,2017(30):94-95.DOI:10.13939/j.cnki.zgsc.2017.30.094.',2017,NULL),(58,'查庆蘋,郭丽丽.不同体育运动对大学生亚健康状态改善的研究[J].当代体育科技,2017,7(28):79+81.DOI:10.16655/j.cnki.2095-2813.2017.28.079.',2017,NULL),(59,'张印新,娄方璐.中医养生理论和“治未病”思想干预大学生亚健康现状[J].现代医学与健康研究电子杂志,2017,1(05):157-158.',2017,NULL),(60,'李白坤,湛宇灿,李静,等.大学生亚健康状态与其睡眠状况的相关性[J].中国健康教育,2017,33(07):637-640.DOI:10.16168/j.cnki.issn.1002-9982.2017.07.015.',2017,NULL),(61,'任婷,罗威,龙敏,等.基于治未病理念谈大学生春季亚健康心理防治[J].中国中医药现代远程教育,2017,15(15):67-69.',2017,NULL),(62,'何晓敏,李飞樊,吕晓婧.大学生亚健康调查与对策分析[J].科技资讯,2017,15(21):206-208.DOI:10.16661/j.cnki.1672-3791.2017.21.206.',2017,NULL),(63,'朱梦琳,许启锦,梁海丹,等.关怀性颈椎触摸操对缓解大学生颈椎亚健康状况的研究[J].科技资讯,2017,15(19):188-190.DOI:10.16661/j.cnki.1672-3791.2017.19.188.',2017,NULL),(64,'张磊,姚剑文.传统养生体育对甘肃大学生亚健康问题的干预研究[J].武术研究,2018,3(07):82-85.DOI:10.13293/j.cnki.wskx.007294.',2018,NULL),(65,'李思远.大学生心理健康问题分析及对策研究——基于高校辅导员视角[J].智库时代,2019(52):40-41.',2019,NULL),(66,'田泽远,马振,刘希佳.高校大学生颈椎亚健康流行状况及其影响因素分析[J].潍坊医学院学报,2019,41(01):72-74.DOI:10.16846/j.issn.1004-3101.2019.01.024.',2019,NULL),(67,'崔永佳,郎济云,李炆怡,等.朝医四象体质分析饮食对大学生亚健康状态的影响[J].中国民族医药杂志,2017,23(06):71-72.DOI:10.16041/j.cnki.cn15-1175.2017.06.045.',2017,NULL),(68,'席俊彦,庾镇藩,杨莹,等.湘南地区某高校新生亚健康状况及其影响因素分析[J].湘南学院学报(医学版),2017,19(02):59-63.DOI:10.16500/j.cnki.1673-498x.2017.02.020.',2017,NULL),(69,'李白坤,湛宇灿,朱继民.大学生亚健康状态的干预研究现状[J].安徽预防医学杂志,2017,23(03):177-180.',2017,NULL),(70,'陈雪琴,丁言浩,胡贤菊.高校大学生亚健康现状及中医疗法的应用[J].合肥师范学院学报,2017,35(03):107-109.',2017,NULL),(71,'焦亚东.浅谈大学生的精神“亚健康”[J].中国高新区,2017,(10):31+33.',2017,NULL),(72,'刘武,李开文.八段锦对大学生亚健康的干预实验研究[J].体育科技文献通报,2017,25(05):84-86.DOI:10.19379/j.cnki.issn.1005-0256.2017.05.037.',2017,NULL),(73,'李克彬,胡斌丽,许洁,等.贵州某高校医学生亚健康现状调查[J].中国健康教育,2017,33(02):185-187.DOI:10.16168/j.cnki.issn.1002-9982.2017.02.024.',2017,NULL),(74,'王晓芳.朋辈辅导干预大学生心理亚健康的时效性探究[J].河北大学成人教育学院学报,2017,19(01):103-105.DOI:10.13983/j.cnki.jaechu.2017.01.019.',2017,NULL),(75,'万安庆.智慧校园环境下大学生亚健康数据挖掘方法应用研究[D].南京中医药大学,2017.',2017,NULL),(76,'盛佳智,弓腊梅,刘豪.四川文理学院大学生体力活动与亚健康的关系[J].职业与健康,2017,33(06):801-802+809.DOI:10.13329/j.cnki.zyyjk.2017.0245.',2017,NULL),(77,'陶胜国.探讨传统体育养生锻炼对大学生亚健康状态的影响[J].当代体育科技,2017,7(08):30-31.DOI:10.16655/j.cnki.2095-2813.2017.08.030.',2017,NULL),(78,'李先进,刘侃,王瑾茜.海南省大学生亚健康状态中医证素分布规律研究[J].中医药导报,2017,23(03):45-48.DOI:10.13862/j.cnki.cn43-1446/r.2017.03.014.',2017,NULL),(79,'卢洋.大学生亚健康状态的影响因素与预防措施[J].当代体育科技,2017,7(04):107-108.DOI:10.16655/j.cnki.2095-2813.2017.04.107.',2017,NULL),(80,'陈洁瑜,余克强,孙晓敏,等.健康促进生活方式对亚健康状态转化的影响[J].南方医科大学学报,2017,37(02):184-191.',2017,NULL),(81,'李凤杰,石海英,赵龙龙,等.应激与心理亚健康的相关研究[J].内蒙古中医药,2017,36(01):97-99.DOI:10.16040/j.cnki.cn15-1101.2017.01.095.',2017,NULL),(82,'刘勇军,尹淑金.珠三角高校学生亚健康的成因及对策[J].广东医学,2016,37(24):3742-3745.DOI:10.13820/j.cnki.gdyx.2016.24.023.',2017,NULL),(83,'陈雪莲,韩杰,闫海明,等.大学生新生亚健康状况调查分析[J].黑龙江医药科学,2016,39(06):72+76.',2016,NULL),(84,'蒋笛.中国传统音乐对大学生亚健康心理状态的调节作用[J].艺海,2016,(12):38-40.',2016,NULL),(85,'胡成波,辛绍权.苏州市高职院校大学生亚健康现状的调查与研究[J].四川体育科学,2016,35(06):128-132.DOI:10.13932/j.cnki.sctykx.2016.06.30.',2016,NULL),(86,'吴建国,陈伟华.西藏警官高等专科学校大学生亚健康状况调查[J].法制与社会,2016,(35):250-251.DOI:10.19387/j.cnki.1009-0592.2016.12.257.',2016,NULL),(87,'张艳,陈梅.“运动处方”对大学生颈椎亚健康状态的干预[J].黑龙江科学,2020,11(18):138-139.',2020,NULL),(88,'孔亦乐. 12周抗阻力量训练对山东省大学生脊柱亚健康及脊柱侧弯影响的研究[D].山东[1]',2020,NULL),(89,'付蓓,贺慧娟,南亚星,等.辨证施乐结合引阳入阴推拿法对亚健康大学生阴虚火旺型失眠的干预效果研究[J].时珍国医国药,2020,31(06):1421-1422.',2020,NULL),(90,'周育毅,苏志远,范明媚,等.茶文化背景下广西区内大学生亚健康状态影响因素调查[J].福建茶叶,2020,42(07):32-33.',2020,NULL),(91,'张韫哲. 八段锦促进大学生健康睡眠的应用研究[D].首都体育学院,2023.DOI:10.27340/d.cnki.gstxy.2023.000081.',2023,NULL),(92,'[1]林潺.大学生身体成分与心理亚健康的关联研究——以池州学院大学生为例[J].池州学院学报,2023,37(03):93-96.DOI:10.13420/j.cnki.jczu.2023.03.023.',2023,NULL),(93,'陈妮. 瑜伽体位法结合麦肯基疗法对大学生颈椎亚健康态干预的实验研究[D].华东交通大学,2024.DOI:10.27147/d.cnki.ghdju.2023.000115.',2023,NULL),(94,'汪馨,李韩冰.八段锦对改善大学生亚健康状态的作用[J].科教文汇(上旬刊),2021(04):124-126+143.DOI:10.16871/j.cnki.kjwha.2021.02.055.',2021,NULL),(95,'陈芳.八段锦提升大学生颈椎亚健康实验探究[J].武术研究,2022,7(03):90-92.DOI:10.13293/j.cnki.wskx.009437.',2022,NULL),(96,'王震,王超,杨苓,等.医学生颈椎亚健康状况的现状及影响因素分析[J].中国医药导报,2021,18(12):69-73.',2021,NULL),(97,'吕胜南,金会林.大学生颈椎亚健康现状及相关因素研究[J].现代职业教育,2021(17):106-107.',2021,NULL),(98,'丁吉平,钟海燕,王宝家,张伊伊,邵世梁,熊梦缘,周宇帆,钟悦,毕榕.耳穴贴压联合五音疗法干预大学生肝郁化火型亚健康失眠临床研究[J].现代中医药,2024,44(02):63-68.',2024,NULL),(99,'顾莉亚,傅洁.高职院校学生心理亚健康问题流行现状及影响因素分析[J].西北成人教育学院学报,2024,(01):50-56.',2024,NULL),(100,'杜园春,黄子涵.年轻人三大“脆皮”症状：记忆力下降、情绪差、免疫力下降[N].中国青年报,2024-01-11(004)',2024,NULL),(101,'顾姗姗,李静.新媒体时代大学生心理亚健康干预研究[J].辽宁工业大学学报(社会科学版),2024,26(01):75-77+91.',2024,NULL),(102,'[3]万华军,熊巨洋,彭莹莹,等.健康中国视角下我国大学生健康问题及管理策略[J].医学与社会,2020,33(03):55-58.DOI:10.13723/j.yxysh.2020.03.012.',2020,NULL),(103,'覃秋燕.健身气功对大学生亚健康的影响调查分析[J].现代经济信息,2019(01):432.',2019,NULL),(104,'陈奇,费宇翔,郭祁元,等.江苏省3所高校大学生颈椎亚健康状况及影响因素[J].职业与健康,2019,35(20):2832-2834.DOI:10.13329/j.cnki.zyyjk.2019.0802.',2018,NULL),(105,'张丽,孙冰,郑桂芝,等.某高校临床医学专业大学生亚健康中医证候调查与分析[J].中国冶金工业医学杂志,2018,35(02):185-186.DOI:10.13586/j.cnki.yjyx1984.2018.02.054.',2018,NULL),(106,'骆红斌,李永明.研究热冷的忽视:当前大学生亚健康问题依然严重[J].武术研究,2016,1(11):107-111.DOI:10.13293/j.cnki.wskx.006211.',2016,NULL),(107,'王卫红,赵剑,李静,等.某高校在校大学生亚健康状况调查及分析[J].泰山医学院学报,2016,37(11):1243-1244.',2016,NULL),(108,'刘桂芳.瑜伽练习对改善大学生亚健康状态的实证研究[J].中国学校卫生,2016,37(11):1719-1721.DOI:10.16835/j.cnki.1000-9817.2016.11.039.',2016,NULL),(109,'王莹莹,张远妮,林生趣,等.亚健康评定量表应用于华南地区大学生人群中的因子分析[J].中国健康心理学杂志,2016,24(11):1689-1692.DOI:10.13342/j.cnki.cjhp.2016.11.023.',2016,NULL),(110,'杨坤玲,刘仲汉,朱时敏,等.南宁市某大学1078名大学生亚健康状况与膳食营养的关系[J].现代医药卫生,2016,32(21):3261-3262+3266.',2016,NULL),(111,'李静,王格.体育生活方式与大学生亚健康状况的相关性研究[J].林区教学,2016,(11):95-96.',2016,NULL),(112,'王洋.定向运动对大学生亚健康状况影响分析[J].科技资讯,2016,14(24):157+159.DOI:10.16661/j.cnki.1672-3791.2016.24.157.',2016,NULL),(113,'陈雪松.定向运动对改善大学生亚健康状况的研究[J].科技资讯,2016,14(24):160+162.DOI:10.16661/j.cnki.1672-3791.2016.24.160.',2016,NULL),(114,'沈贤.蚌埠某医学院学生手机依赖状况及与亚健康的关系研究[J].现代预防医学,2016,43(21):3950-3952+3973.',2016,NULL),(115,'朱淦芳.传统保健干预大学生亚健康的实验研究[J].当代体育科技,2016,6(31):85-87.DOI:10.16655/j.cnki.2095-2813.2016.31.085.',2016,NULL),(116,'丁珊珊.合理饮食以及体育运动对大学生体质的影响[J].粮食与油脂,2023,36(03):163.',2023,NULL),(117,'[1]赵雪莹,李晨,梁金航,等.大学生身体素质影响因素分析[J].健康教育与健康促进,2023,18(01):40-43.DOI:10.16117/j.cnki.31-1974/r.202301040.',2023,NULL),(118,'林惠平,翁斯颖,钟桂钦.福建某高校护生颈椎亚健康情况调查及影响因素分析[J].福建医药杂志,2023,45(01):113-115.',2023,NULL),(119,'濮宗成,白光斌,樊碧田,等.大学生群体运动处方的研究进展及运用[J].当代体育科技,2023,13(01):5-8.DOI:10.16655/j.cnki.2095-2813.2206-1579-1119.',2023,NULL),(120,'杨舒婷,熊江艳,蒋田,等.耳穴疗法在大学生失眠人群中的应用进展[J].全科护理,2022,20(32):4500-4502.\n失眠',2022,NULL),(121,'陈宇翔,胥权祝,刘可欣,等.四川省泸州市大学生亚健康现状及影响因素[J].西南医科大学学报,2022,45(04):322-327.',2022,NULL),(122,'朱茵渠,宋红粤,李亦琪,等.大学生饮食习惯与体质健康的相关性分析[J].中国现代医生,2022,60(23):77-79+83.',2022,NULL),(123,'周万翔.园艺福利活动对大学生心理亚健康干预可行性探讨[J].现代园艺,2022,45(18):173-176.DOI:10.14051/j.cnki.xdyy.2022.18.051.',2022,NULL),(124,'姚子昂,王菁,孙晨耀,等.女大学生辨体施膳智能保健APP的设计研究[J].中国医药导报,2018,15(36):148-151.',2018,NULL),(125,'于雪双,王风鹤,贾月辉,等.齐齐哈尔市某高校在校大学生亚健康状况及影响因素研究[J].中国预防医学杂志,2018,19(05):360-364.DOI:10.16506/j.1009-6639.2018.05.008.',2018,NULL),(126,'张效江.浅析体育保健对大学生亚健康状态的改善[J].文体用品与科技,2018(23):201-202.',2018,NULL),(127,'王晓晖. 人的全面发展视阈下大学生心理亚健康的对策研究[D].西安建筑科技大学,2020.DOI:10.27393/d.cnki.gxazu.2019.000595.',2019,NULL),(128,'湛宇灿. 十所中医药高校学生亚健康状况调查及亚健康校园干预初探[D].安徽中医药大学,2020.DOI:10.26922/d.cnki.ganzc.2019.000167.',2019,NULL),(129,'蔡敬芳,雷莹莹,司红玉.太极拳运动处方改善当代大学生亚健康的理论研究[J].武术研究,2018,3(06):61-63.DOI:10.13293/j.cnki.wskx.007241.',2018,NULL),(130,'张家宝. 体育锻炼对大学生亚健康状态影响的研究[D].四川师范大学,2020.DOI:10.27347/d.cnki.gssdu.2019.000231.',2019,NULL),(131,'王晓倩,李艳,孙利,等.休闲体育专业学生亚健康现状及对策研究[J].武术研究,2018,3(08):122-124.DOI:10.13293/j.cnki.wskx.007356.',2018,NULL),(132,'司翔月,钱菁华.悬吊运动疗法对大学生亚健康状态颈部不适的影响[J].昆明医科大学学报,2020,41(01):106-111.',2020,NULL),(133,'陈基成.亚健康与大学生颈椎病保健体操的研究[J].智库时代,2018(50):159+188.',2018,NULL),(134,'郑燕.在校大学生亚健康状况与生活方式的调查分析[J].名医,2019(05):55.',2019,NULL),(135,'张利平,李胜利,张家豪,等.基于熵权可拓关联方法的大学生亚健康综合评价建模方案研究[J].中国卫生统计,2016,33(05):853-855+859.',2016,NULL),(136,'陈国志.吉林省大学生亚健康现状及干预对策研究[J].科技资讯,2016,14(20):165-166.DOI:10.16661/j.cnki.1672-3791.2016.20.165.',2016,NULL),(137,'李聪,卢帅宏,王雪营,等.大学生亚健康压力症状与朝医四象体质相关关系研究[J].中国民族医药杂志,2016,22(09):69-70.DOI:10.16041/j.cnki.cn15-1175.2016.09.041.',2016,NULL),(138,'宋晓英,杨婉丽,雷云霓,等.湘西大学生亚健康现状及影响因素分析[J].社区医学杂志,2016,14(18):11-14.',2016,NULL),(139,'范恺,张羽佳.健美操对大学生亚健康状态干预的调查研究[J].赤峰学院学报(自然科学版),2016,32(16):191-192.DOI:10.13398/j.cnki.issn1673-260x.2016.16.066.',2016,NULL),(140,'张蕊. 甘肃省青少年心理亚健康状况及影响因素研究[D].西北民族大学,2022.DOI:10.27408/d.cnki.gxmzc.2022.000093.',2022,NULL),(141,'黄天龙. 青少年24小时活动行为与心理亚健康的关系研究[D].华东师范大学,2022.DOI:10.27149/d.cnki.ghdsu.2022.000930.',2022,NULL),(142,'杨琰,周典,田帝,等.休闲运动的态度行为对大学生亚健康的影响[J].山东第一医科大学(山东省医学科学院)学报,2022,43(04):282-286.',2022,NULL),(143,'陈芳.八段锦提升大学生颈椎亚健康实验探究[J].武术研究,2022,7(03):90-92.DOI:10.13293/j.cnki.wskx.009437.',2022,NULL),(144,'靳双宇,张丽芳.园艺疗法对高校学生亚健康改善的探讨[J].现代园艺,2022,45(05):191-193.DOI:10.14051/j.cnki.xdyy.2022.05.027.',2022,NULL),(145,'白梅,郑雅青,陈胜楠,等.健身气功·大舞锻炼对女大学生亚健康干预的实验研究[J].武术研究,2022,7(02):104-106+110.DOI:10.13293/j.cnki.wskx.009404.',2022,NULL),(146,'陈春蕾,徐娜,张雨,等.大学生颈椎亚健康相关研究进展[J].卫生职业教育,2022,40(01):118-119.',2022,NULL),(147,'张铭,杜少陵,侯善兵,等.医学生智能手机成瘾及其对睡眠质量、亚健康的影响研究[J].牡丹江医学院学报,2021,42(05):169-172.DOI:10.13799/j.cnki.mdjyxyxb.2021.05.048.',2021,NULL),(148,'秦杨芬,席俊彦,洪依婷,等.基于结构方程模型的大学生躯体亚健康的影响因素分析[J].湖南学院学报(医学版),2021,23(02):11-16.DOI:10.16500/',2021,NULL),(149,'刘晓蕙,孙春阳,闫国立,等.河南省某中医院校大学生亚健康现状调查与影响因素分析[J].郑州大学学报(医学版),2016,51(05):635-639.DOI:10.13705/j.issn.1671-6825.2016.05.020.',2016,NULL),(150,'马科,张荣强,王亚渭.中医传统养生功法对某高校在校大学生亚健康状态干预的作用研究[J].西部中医药,2016,29(08):76-77.',2016,NULL),(151,'金玉鑫. 有助于心理亚健康学生放松解压的校园交互设施设计研究[D].北京工业大学,2023.DOI:10.26935/d.cnki.gbjgu.2021.000621.',2021,NULL),(152,'陈青. 膝、踝关节亚健康状态人群的运动处方干预研究[D].武汉体育学院,2022.DOI:10.27384/d.cnki.gwhtc.2021.000323.',2021,NULL),(153,'苏炯升,闫可歌,王常秀,等.针刺结合行为矫正疗法对大学生失眠型亚健康睡眠质量的影响[J].光明中医,2021,36(05):786-788.',2021,NULL),(154,'陆森召.在校心理亚健康大学生体力活动与身体成分的关系研究[J].职业与健康,2020,36(22):3119-3122+3128.DOI:10.13329/j.cnki.zyyjk.2020.0779.',2020,NULL),(155,'杨惠,车广伟,冯玉娟,等.体育舞蹈锻炼对大学生心理亚健康状态的影响：应对方式的中介效应[J].天津体育学院学报,2020,35(05):560-565.DOI:10.13297/',2020,NULL),(156,'郑少聪. 羽毛球锻炼对长期伏案人群颈部亚健康干预效果研究[D].北京体育大学,2021.DOI:10.26961/d.cnki.gbjtu.2020.000072.',2020,NULL),(157,'苏志远,范明媚,范超军,等.浅谈大学生亚健康的自我调理[J].科技资讯,2020,18(14):227+229.DOI:10.16661/j.cnki.1672-3791.2020.14.227.',2020,NULL),(158,'王科灵.音乐教育对大学生亚健康心理的调适[J].当代音乐,2020(05):52-53.',2020,NULL),(159,'张倩如. 寄宿制初中生心理亚健康问题的德育干预对策探究[D].华中师范大学,2021.DOI:10.27159/d.cnki.ghzsu.2020.000981.体育学院,2022.DOI:10.27725/',2020,NULL),(160,'石东哲,任伟,朱琳琳,等.亚健康主因素引发大学生身体机能下降的生物学机制[J].体育科技文献通报,2016,24(08):132-134.DOI:10.19379/j.cnki.issn.1005-0256.2016.08.056.',2016,NULL),(161,'任重宇,杨光,任伟,等.亚健康对诱发大学生体质下降的作用机制研究——基于结构方程模型[J].中国卫生事业管理,2016,33(07):541-546.',2016,NULL),(162,'王岩岩.以“治未病”思想为指导治疗大学生亚健康体会[J].中国妇幼健康研究,2016,27(S2):578-579.',2016,NULL),(163,'赵玉霞,郝艳红,章涵.某职业技术学院大学生手机依赖与身心亚健康的关系[J].河南预防医学杂志,2016,27(08):561-564.DOI:10.13515/j.cnki.hnjpm.1006-8414.2016.08.001.',2016,NULL),(164,'徐洁,周敏佳,李雨卿,等.浙江某校大学生颈椎亚健康及其影响因素分析[J].中国卫生产业,2016,13(17):57-60.DOI:10.16659/j.cnki.1672-5654.2016.17.057.',2016,NULL),(165,'李文华,叶维建.大学生对胃亚健康的认识——以莆田学院为例[J].健康之路,2016,15(06):231.',2016,NULL),(166,'石东哲,张希云,任伟,等.亚健康与大学生生理体质的机理研究述评[J].体育科技文献通报,2016,24(06):125-127+139.',2016,NULL),(167,'陈晓辉,史占江,吕翠田.对大学生躯体、心理与普通人群亚健康分类的调查研究[J].光明中医,2016,31(10):1366-1368.',2016,NULL),(168,'仇亚林.武汉市大学生体育锻炼与亚健康相关研究[D].吉首大学,2016.',2016,NULL),(169,'崔周国.广州市中青年知识分子亚健康状况及其影响因素分析[D].南方医科大学,2016.',2016,NULL),(170,'郭华.大学生亚健康状态危害及护理干预分析[J].科技展望,2016,26(13):270.',2016,NULL),(171,'王擎宇.许昌市大学生亚健康状况的分析与研究[J].许昌学院学报,2016,35(02):153-156.',2016,NULL),(172,'蒋文明,徐姣姣,周莹,等.手机依赖对大学生躯体健康的影响[J].科技视界,2015,(12):28+33.DOI:10.19694/j.cnki.issn2095-2457.2015.12.015.',2015,NULL),(173,'李明浩,赵德宝.体育运动对大学生亚健康的改善功能[J].中国冶金教育,2015,(02):62-65.DOI:10.16312/j.cnki.cn11-3775/g4.2015.02.024.',2015,NULL),(174,'宋登丽.睡眠网络日志监测耳穴贴压干预大学生亚健康态入睡延迟的临床观察[D].成都中医药大学,2015.',2015,NULL),(175,'郑丽莉,陈丙春,王海燕,等.从中医体质视角研究大学生亚健康现状[J].中医研究,2015,28(05):35-38.',2015,NULL),(176,'李全利,杜氏翠玄.大学生亚健康状况的多元化应对机制研究[J].中小企业管理与科技(中旬刊),2015,(05):199-200.',2015,NULL),(177,'唐志祥.基于CMI的师范类大学生心理亚健康状况调查分析[J].石家庄学院学报,2015,17(03):103-106.DOI:10.13573/j.cnki.sjzxyxb.2015.03.023.',2015,NULL),(178,'周强.某高校大学生心理亚健康现状调查[J].开封教育学院学报,2015,35(05):191-192.',2015,NULL),(179,'王晶,韩谏,宋成杰,等.安徽中医药大学本科生五脏系统亚健康状况调查分析及对策[J].中医药临床杂志,2015,27(05):660-663.DOI:10.16448/j.cjtcm.2015.00251.',2015,NULL),(180,'李梦然.基于Logistic和决策树模型的大学生亚健康状况及影响因素分析[D].北京交通大学,2015.',2015,NULL),(181,'刘铨.HRV作为亚健康大学生客观评价指标的初步研究[D].广州中医药大学,2015.',2015,NULL),(182,'刘新.天津高校大学生亚健康成因与干预对策分析[J].体育研究与教育,2015,30(S1):13-14+41.DOI:10.16207/j.cnki.2095-235x.2015.s1.004.',2015,NULL),(183,'王艳春.浙江省大学生亚健康调查与影响因素分析[J].绍兴文理学院学报(自然科学),2015,35(08):111-114.DOI:10.16169/j.issn.1008-293x.k.2015.08.25.',2015,NULL),(184,'娄行素,王涣屹,纪一林.中医耳穴调理大学生亚健康疗效研究进展[J].生物技术世界,2015,(07):92-93.',2015,NULL),(185,'姚姝.有氧踏板操对大学生亚健康干预影响的实验研究[J].文体用品与科技,2015,(14):147-148.',2015,NULL),(186,'孙策,郭雨晨,王婷,等.保定市大学生心理亚健康状况调查[J].中国公共卫生管理,2015,31(04):584-585.DOI:10.19568/j.cnki.23-1318.2015.04.065.',2015,NULL),(187,'颜一燕,程丽佳,王婷,等.成都六所高校大学生心理亚健康人际关系敏感因子状况调查[J].解剖学研究,2015,37(04):275-276.',2015,NULL),(188,'郑丽莉,刘同国,王海燕,等.结合中医病因学说,探析大学生亚健康成因[J].西部中医药,2015,28(09):67-70.',2015,NULL),(189,'刘晓筝.大学生健康维护刍议[J].河南财政税务高等专科学校学报,2015,29(05):57-60.',2015,NULL),(190,'王莹,司红玉,王鹏.健身气功对大学生亚健康的预防及治疗研究[J].四川体育科学,2015,34(05):32-34+64.DOI:10.13932/j.cnki.sctykx.2015.05.09.',2015,NULL),(191,'邵俊文.高校大学生疲劳性亚健康体质现状的调查与研究[J].当代体育科技,2015,5(29):24-25.DOI:10.16655/j.cnki.2095-2813.2015.29.024.',2015,NULL),(192,'杨英豪,赵倩倩,潘万旗.大学生亚健康状况调查及高校应对策略研究[J].大家健康(学术版),2015,9(20):31.',2015,NULL),(193,'卢巧英,廉春容,马红霞,等.民族医学院校护理学专业女大学生的亚健康调查[J].右江民族医学院学报,2015,37(05):720-723.',2015,NULL),(194,'童文琴,施国惠,杨春梅,等.福建省某高职院校大学生亚健康状况及影响因素分析[J].中国健康教育,2015,31(10):961-963.DOI:10.16168/j.cnki.issn.1002-9982.2015.10.012.',2015,NULL),(195,'任重宇,杨光,白翠瑾,等.亚健康主因素诱发大学生肥胖的生物学机制[J].浙江体育科学,2015,37(06):97-101.',2015,NULL),(196,'许贵家.大学生时间管理倾向与亚健康状态相关性分析[J].中国农村卫生事业管理,2015,35(11):1442-1444.DOI:10.19955/j.cnki.1005-5916.2015.11.032.',2015,NULL),(197,'杨巳望.大学生亚健康状态的现状调查与对策研究[D].吉林大学,2015.',2015,NULL),(198,'童文琴,施国惠.大学生亚健康研究现状及进展[J].中国健康教育,2015,31(12):1173-1174+1191.DOI:10.16168/j.cnki.issn.1002-9982.2015.12.0.',2015,NULL),(199,'包和平.大学生亚健康状态的影响因素分析[J].临床医药文献电子杂志,2014,1(10):1842-1843.DOI:10.16281/j.cnki.jocml.2014.10.131.',2014,NULL),(200,'孙大中,修宗昌,胡嘉雯,等.论情志因素与大学生亚健康状态的相关性[J].中国医药指南,2014,12(30):372-373.DOI:10.15912/j.cnki.gocm.2014.30.281.',2014,NULL),(201,'崔志锋.情绪调节理论视野下的高校大学生心理亚健康问题浅析[J].湖北函授大学学报,2014,27(18):34-35.',2014,NULL),(202,'张志坚,刘永峰.经络保健疗法对大学生亚健康影响的实验研究[J].当代体育科技,2014,4(30):135-136.DOI:10.16655/j.cnki.2095-2813.2014.30.003.',2014,NULL),(203,'孙柱兵,王祯义.贵州省大学生生活方式与心理亚健康的关系研究[J].南京体育学院学报(自然科学版),2014,13(05):155-160.DOI:10.15877/j.cnki.nsin.2014.05.033.',2014,NULL),(204,'周忠玲.高职大学生亚健康状态及其影响因素的研究[D].安徽医科大学,2014.',2014,NULL),(205,'邓翠莲,李东鹏.“拓展训练”对高校大学生身体亚健康状况干预效果的实验研究[J].运动,2015,(03):52-53.',2014,NULL),(206,'黄帅帅,王婷,张晓凤,等.保定市女大学生心理亚健康状况调查[J].科学大众(科学教育),2015,(02):145.DOI:10.16728/j.cnki.kxdz.2015.02.151.',2014,NULL),(207,'陈烨.大学生心理亚健康的成因及其措施探析[J].赤峰学院学报(自然科学版),2015,31(06):210-211.DOI:10.13398/j.cnki.issn1673-260x.2015.06.083.',2014,NULL),(208,'娄行素.大学生亚健康的中医分型及治疗思路[J].大家健康(学术版),2015,9(05):265.',2014,NULL),(209,'张晞.大学生亚健康状态的发生及预防[J].当代体育科技,2015,5(02):38-39.DOI:10.16655/j.cnki.2095-2813.2015.02.039.',2014,NULL),(210,'高阳,马宁.当代大学生阳光心态的培养[J].高教学刊,2015,(01):79-80.DOI:10.19980/j.cn23-1593/g4.2015.01.040.',2014,NULL),(211,'薛昊天.定向越野与上海市大学生心理亚健康状态变化的实验研究[D].上海师范大学,2015.',2015,NULL),(212,'彭利,王炜,张玉婷,等.高校女大学生的身心亚健康现状调查——以江西师范大学为例[J].科教导刊(上旬刊),2015,(07):184-185.DOI:10.16400/j.cnki.kjdks.2015.03.090.',2015,NULL),(213,'周忠玲,伍晓艳,万宇辉,等.高职大学生睡眠质量与亚健康状态关联分析[J].中国学校卫生,2015,36(04):610-612.DOI:10.16835/j.cnki.1000-9817.2015.04.046.',2015,NULL),(214,'颜威,张颖,沈浩,等.江苏某高校大学生亚健康现状及其相关因素[J].职业与健康,2015,31(05):669-671.DOI:10.13329/j.cnki.zyyjk.2015.0231.',2015,NULL),(215,'王恩斌.轮滑与亚健康:高校大学生亚健康状况干预研究[J].牡丹江师范学院学报(自然科学版),2014,(04):49-50.DOI:10.13815/j.cnki.jmtc(ns).2014.04.024.',2014,NULL),(216,'薛海涛.陕西省大学生亚健康状态的调查与对策研究[J].西安文理学院学报(社会科学版),2015,18(02):124-126.',2015,NULL),(217,'莫颂轶,钟雪雁,黄何华,等.生物电变化对广西壮族女大学生亚健康的影响[J].右江民族医学院学报,2014,36(06):819-821.',2014,NULL),(218,'殷征辉.太极拳运动对大学生亚健康状态的康复作用[J].运动,2015,(07):112-113.',2015,NULL),(219,'张娜.问题大学生帮扶机制构建研究[D].浙江工商大学,2015.',2015,NULL),(220,'万超凡,夏静娴.新时期大学生亚健康问题成因及对策[J].科教导刊(上旬刊),2015,(10):156-157.DOI:10.16400/j.cnki.kjdks.2015.04.077.',2015,NULL),(221,'张静,王艳华.医学专业大学生亚健康状况的研究现状[J].大家健康(学术版),2015,9(05):280.',2014,NULL),(222,'孙大中,修宗昌,胡嘉雯,等.中医养生理论和“治未病”思想干预大学生亚健康现状[J].当代医学,2014,20(34):156-157.',2014,NULL),(223,'陈芬,戴伟华.亚健康状态研究进展[J].齐齐哈尔医学院学报,2013,34(24):3684-3685.',2013,NULL),(224,'张士杰.医学院校实习学生亚健康状态调查分析及对策研究[J].中国药物经济学,2013,(S3):497-498.',2013,NULL),(225,'王秀莉.浅析当代大学生心理亚健康问题[J].网友世界,2013,(23):144.',2013,NULL);
/*!40000 ALTER TABLE `article` ENABLE KEYS */;
UNLOCK TABLES;

--
-- Table structure for table `article_subhealth`
--

DROP TABLE IF EXISTS `article_subhealth`;
/*!40101 SET @saved_cs_client     = @@character_set_client */;
/*!50503 SET character_set_client = utf8mb4 */;
CREATE TABLE `article_subhealth` (
  `article_id` int NOT NULL,
  `sub_health_id` int NOT NULL,
  PRIMARY KEY (`article_id`,`sub_health_id`),
  KEY `article_subHealth_sub-health_id_fk` (`sub_health_id`),
  CONSTRAINT `article_subHealth_article_id_fk` FOREIGN KEY (`article_id`) REFERENCES `article` (`id`),
  CONSTRAINT `article_subHealth_sub-health_id_fk` FOREIGN KEY (`sub_health_id`) REFERENCES `sub_health` (`id`)
) ENGINE=InnoDB DEFAULT CHARSET=utf8mb4 COLLATE=utf8mb4_0900_ai_ci;
/*!40101 SET character_set_client = @saved_cs_client */;

--
-- Dumping data for table `article_subhealth`
--

LOCK TABLES `article_subhealth` WRITE;
/*!40000 ALTER TABLE `article_subhealth` DISABLE KEYS */;
INSERT INTO `article_subhealth` VALUES (2,1),(3,1),(6,1),(7,1),(2,4),(1,5),(1,6),(1,7),(5,7),(2,8),(2,9),(2,10),(4,10),(8,10),(2,11),(3,11),(2,12),(2,13),(2,14),(7,14),(2,15),(7,15),(2,16),(2,17),(8,17),(2,18),(2,19),(3,20),(3,21),(3,22),(6,23),(7,23),(6,24),(8,24),(7,43),(7,47),(9,49),(9,50),(9,51),(9,52),(9,53),(9,54),(10,59),(10,60),(10,61),(10,62);
/*!40000 ALTER TABLE `article_subhealth` ENABLE KEYS */;
UNLOCK TABLES;

--
-- Table structure for table `benefit`
--

DROP TABLE IF EXISTS `benefit`;
/*!40101 SET @saved_cs_client     = @@character_set_client */;
/*!50503 SET character_set_client = utf8mb4 */;
CREATE TABLE `benefit` (
  `id` int NOT NULL AUTO_INCREMENT COMMENT '主键',
  `benefit` varchar(50) DEFAULT NULL COMMENT '药膳益处',
  PRIMARY KEY (`id`),
  UNIQUE KEY `food_benefit_id_uindex` (`id`)
) ENGINE=InnoDB AUTO_INCREMENT=10 DEFAULT CHARSET=utf8mb4 COLLATE=utf8mb4_0900_ai_ci;
/*!40101 SET character_set_client = @saved_cs_client */;

--
-- Dumping data for table `benefit`
--

LOCK TABLES `benefit` WRITE;
/*!40000 ALTER TABLE `benefit` DISABLE KEYS */;
INSERT INTO `benefit` VALUES (1,'保健养生'),(2,'辅助治病'),(3,'病愈调养'),(4,'调节情绪'),(5,'美容养颜'),(6,'减肥瘦身'),(7,'乌发生发'),(8,'补充营养'),(9,'健脑益智');
/*!40000 ALTER TABLE `benefit` ENABLE KEYS */;
UNLOCK TABLES;

--
-- Table structure for table `food_benefit`
--

DROP TABLE IF EXISTS `food_benefit`;
/*!40101 SET @saved_cs_client     = @@character_set_client */;
/*!50503 SET character_set_client = utf8mb4 */;
CREATE TABLE `food_benefit` (
  `food_id` int NOT NULL,
  `benefit_id` int NOT NULL,
  PRIMARY KEY (`food_id`,`benefit_id`),
  KEY `food_benefit_benefit_id_fk` (`benefit_id`),
  CONSTRAINT `food_benefit_benefit_id_fk` FOREIGN KEY (`benefit_id`) REFERENCES `benefit` (`id`),
  CONSTRAINT `food_benefit_medicated_food_id_fk` FOREIGN KEY (`food_id`) REFERENCES `medicated_food` (`id`)
) ENGINE=InnoDB DEFAULT CHARSET=utf8mb4 COLLATE=utf8mb4_0900_ai_ci;
/*!40101 SET character_set_client = @saved_cs_client */;

--
-- Dumping data for table `food_benefit`
--

LOCK TABLES `food_benefit` WRITE;
/*!40000 ALTER TABLE `food_benefit` DISABLE KEYS */;
INSERT INTO `food_benefit` VALUES (12,1),(16,1),(13,2),(14,3),(15,4),(17,5),(18,6),(19,7),(20,8),(21,9);
/*!40000 ALTER TABLE `food_benefit` ENABLE KEYS */;
UNLOCK TABLES;

--
-- Table structure for table `medicated_food`
--

DROP TABLE IF EXISTS `medicated_food`;
/*!40101 SET @saved_cs_client     = @@character_set_client */;
/*!50503 SET character_set_client = utf8mb4 */;
CREATE TABLE `medicated_food` (
  `id` int NOT NULL COMMENT '主键',
  `name` varchar(50) DEFAULT NULL COMMENT '药膳名称',
  `type` int DEFAULT NULL COMMENT '药膳类别\r\n1-汤菜类\r\n2-粥饭类\r\n3-茶饮类\r\n4-其他类\r\n5-糕点类',
  `source` varchar(300) DEFAULT NULL COMMENT '来源',
  `introduce` varchar(1000) DEFAULT NULL COMMENT '介绍',
  `photo` varchar(1000) DEFAULT NULL COMMENT '药膳图片',
  `material` varchar(1000) DEFAULT NULL COMMENT '药膳制作材料',
  `method` varchar(1000) DEFAULT NULL COMMENT '制作方法',
  `good` varchar(200) DEFAULT NULL COMMENT '展示简介',
  PRIMARY KEY (`id`),
  UNIQUE KEY `medicated_food_id_uindex` (`id`)
) ENGINE=InnoDB DEFAULT CHARSET=utf8mb4 COLLATE=utf8mb4_0900_ai_ci;
/*!40101 SET character_set_client = @saved_cs_client */;

--
-- Dumping data for table `medicated_food`
--

LOCK TABLES `medicated_food` WRITE;
/*!40000 ALTER TABLE `medicated_food` DISABLE KEYS */;
INSERT INTO `medicated_food` VALUES (1,'黄芪汽锅鸡',1,'中医药膳学','黄芪汽锅鸡是以黄芪片、子母鸡为主料，以葱、生姜、食盐料酒、味精、花椒水为调料制作的菜品。\n补中益气，补精，填髓。适用于内伤劳倦、脾虚泄泻、气衰血虚等症。','https://bkimg.cdn.bcebos.com/pic/e4dde71190ef76c68ae39e5d9316fdfaaf516796?x-bce-process=image/format,f_auto/watermark,image_d2F0ZXIvYmFpa2UyNzI,g_7,xp_5,yp_5,P_20/resize,m_lfit,limit_1,h_1080','黄芪片20克，子母鸡1只，葱、生姜、食盐料酒、味精、花椒水各适量。','1.将子母鸡宰杀后，去毛和内脏，剁成3.3厘米见方的块，放入沸水锅内烫3分钟捞出，洗净血沫，装入汽锅内；加入葱、姜、食盐、味精、绍酒、花椒水等。\n2.将黄芪片洗净，也放入汽锅内，盖上盖，上笼蒸3小时取出，拣去葱、生姜、黄芪即成。','补中益气，补精，填髓。适用于内伤劳倦、脾虚泄泻、气衰血虚等症。'),(2,'人参莲肉汤',1,'中医药膳学','人参莲肉汤是一款冬季常见病补益保健汤，制作原料主要有白人参，莲子，冰糖等。适用于心气不足之心悸等症状， 食用时，渴汤，吃莲肉即可。\n补气安神。','https://bkimg.cdn.bcebos.com/pic/aa64034f78f0f736ebf7d0ad0055b319ebc41314?x-bce-process=image/format,f_auto/watermark,image_d2F0ZXIvYmFpa2UyNzI,g_7,xp_5,yp_5,P_20/resize,m_lfit,limit_1,h_1080','白人参10克，莲子15粒，冰糖适量','莲子洗净，与人参、冰糖一齐放入炖盅内，加开水适量，炖盅加盖，置锅内用文火隔水炖至莲肉熟烂，即可食用。','适用于心气不足之心悸等症状， 食用时，渴汤，吃莲肉即可。补气安神。'),(3,'参芪鸭条',1,'中医药膳学','参芪鸭条是以党参为主料制作的药膳。佐餐食.吃肉，喝汤.气血双补。','https://bkimg.cdn.bcebos.com/pic/3b292df5e0fe992526afadec3aa85edf8cb171ef?x-bce-process=image/format,f_auto/watermark,image_d2F0ZXIvYmFpa2UyNzI,g_7,xp_5,yp_5,P_20/resize,m_lfit,limit_1,h_1080','党参15克，黄芪15克，陈皮10克，老鸭1只，瘦猪肉100克，味精，食盐，料酒，酱油，姜片，葱段，熟菜油各适量。','1、将老鸭宰杀后，去毛和内脏洗净，在鸭皮用酱油抹勺，下八成热的熟菜油锅炸至皮色金黄捞出，用温水洗去油腻，盛入沙锅内，加水适量；\n2、将瘦猪肉切块，下沸水氽一下捞出，洗净血污，也放入沙锅内，加入党参，黄芪，陈皮，味精，料酒，酱油，姜片，葱段；再将沙锅放于炉上，用文火焖到老鸭烂时取出；滗出原汤，滤净待用；\n3、将鸭子剔去大骨，切成长5厘米，宽1.6厘米的条块，放入大碗内摆好，倒入原汤即成。','气血双补。'),(4,'红枣炖兔肉',1,'中医药膳学','红枣炖兔肉是一道以兔肉、荸荠为主料，以姜、味精、盐为调料的菜品。\n兔肉：兔肉质地细嫩，味道鲜美，营养丰富，富含大脑和其他器官发育不可缺少的卵磷脂，有健脑益智的功效。经常食用可保护血管壁，阻止血栓形成，对高血压、冠心病、糖尿病患者有益处，并增强体质，健美肌肉，它还能保护皮肤细胞活性，维护皮肤弹性。\n荸荠：荸荠中含的磷是根茎类蔬菜中最高的，能促进人体生长发育和维持生理功能的需要，对牙齿骨骼的发育有很大好处，同时可促进体内的糖、脂肪、蛋白质三大物质的代谢，调节酸碱平衡。因此荸荠适于儿童食用。\n新疆红枣(大枣)：新疆红枣(大枣)对中老年人更年期骨质疏松、青少年生长发育高峰期缺钙、女性易贫血缺铁等有很好的食补效果，病后体虚的人食用枣类也有很好的滋补作用。红枣适宜慢性肝炎，肝硬化之人服食，也可减少其他药物对肝脏的损害。红枣中含环磷酸腺甙，可扩张血管，增强心肌收缩力，改善心肌营养，对防治心血管疾病有一定好处。','https://bkimg.cdn.bcebos.com/pic/f636afc379310a55a78909d6b34543a982261066?x-bce-process=image/format,f_auto/watermark,image_d2F0ZXIvYmFpa2UyNzI,g_7,xp_5,yp_5,P_20/resize,m_lfit,limit_1,h_1080','主料：荸荠(200克) 兔肉(500克)\n辅料：枣（干）(30克)\n调料：姜(5克) 味精(1克) 盐(3克)','1.兔肉洗净，切块；红枣（去核）、马蹄（去皮）洗净；\n2.把兔肉、红枣、马蹄放入炖盅，加开水适量，炖盅加盖；\n3.文火隔开水炖1～2小时，出锅前放入盐、味精调味即可。','补中益气、补血养颜，适合体质虚弱和气血不足的人群'),(5,'参芪羊肉粥',2,'中医药膳学','参芪羊肉粥是一道美食，主要制作材料有羊肉、黄芪，人参，茯苓，枣干等.\n补阳食谱 肢寒畏冷食谱。','https://pics0.baidu.com/feed/2cf5e0fe9925bc318d3a772f19a0b2b4ca1370a2.jpeg@f_auto?token=f2546cc5fc14645cc328d72ca4b42a5a&s=B901CB154850E2C40C84D4E50300F023','主料：羊肉(瘦)100克,粳米100克\n辅料：黄芪10克,人参10克,茯苓12克,枣（干）15克\n调料：盐1克,胡椒粉1克','1.将黄芪、人参、茯苓煎汤去渣。羊肉切碎。\n2.药汤中放入羊肉、粳米、枣煮粥，加盐、椒，分数次服用。','补阳、肢寒畏冷，适用于气血不足、体虚畏寒的人群'),(6,'人参黄芪莲子粥',2,'中医药膳学','人参黄芪莲子粥具有理气活血、温中调经的功效。','https://bkimg.cdn.bcebos.com/pic/71cf3bc79f3df8dcbbddf647c111728b46102807?x-bce-process=image/format,f_auto/watermark,image_d2F0ZXIvYmFpa2UyNzI,g_7,xp_5,yp_5,P_20/resize,m_lfit,limit_1,h_1080','人参5克，黄芪30克，红枣15枚，莲子15克，粳米60克。','将人参、黄芪加适量水煎汁。红枣去核洗净，莲子去心洗净。将人参、黄芪汁倒入锅中，加水适量，放入红枣、莲子、粳米，一起煮粥即可。对月经先后无定期者，月经前温热服用。每日1剂，连服3~5天。','补气健脾、益肾养心，适用于脾气虚弱、便溏泄泻、气短乏力等症状'),(7,'桂心粥',2,'中医药膳学','桂心粥是以桂心，粳米为主料制作的药膳。\n老人噎病，心痛闷，膈气结，饮食不下。','https://bkimg.cdn.bcebos.com/pic/86d6277f9e2f0708dc05096fe724b899a901f259?x-bce-process=image/format,f_auto/watermark,image_d2F0ZXIvYmFpa2UyNzI,g_7,xp_5,yp_5,P_20/resize,m_lfit,limit_1,h_1080','桂心（末）1两，粳米4合（淘研）。','用量:上以米煮作粥半熟，次下桂末调和，空心服，每日1次。','破冷气、补火助阳、暖脾胃的功效，适用于治疗老人噎病、心痛闷、膈气结、饮食不下等症状'),(8,'黄芪大枣粥',2,'中医药膳学','黄芪大枣粥是以黄芪为主料制作的药膳。补气除热。适用于气虚发热。','https://img1.baidu.com/it/u=4137169385,3910345780&fm=253&fmt=auto&app=138&f=JPEG?w=379&h=252','生黄芪、党参各30克甘草15克,粳米100克,大枣10枚。','前3味加水浓煎取汁;粳米、大枣洗净加水煮粥,粥成兑入药汁调匀。早晚分服。','补中益气、养血安神，适用于气血不足、体倦乏力、免疫力低下等症状'),(9,'人参菠饺',4,'中医药膳学','人参菠饺是以人参为主要食材的一道菜品，具有补气养神等功效。适用于气虚神衰、四肢无力、心悸、怔仲等症。','https://bkimg.cdn.bcebos.com/pic/4a36acaf2edda3cc7cd93a82a9a22e01213fb80e3477?x-bce-process=image/format,f_auto/watermark,image_d2F0ZXIvYmFpa2UyNzI,g_7,xp_5,yp_5,P_20/resize,m_lfit,limit_1,h_1080','人参5克、猪瘦肉500克、菠菜750克、面粉3000克、生姜、葱、胡椒、粉酱油、香油、食盐各适量。','1. 将菠菜清洗干净后，去茎留叶，在本瓢内搓成菜泥，加入适量清水搅匀，用纱布包好挤出绿色菜汁，待用；人参研成细末，过100 目筛待用。\n2. 将猪肉用清水洗净，剁成茸，加食盐、酱油、胡椒粉、生姜末拌匀，加适量水搅拌成糊状，再放入葱花、人参粉、香油拌匀成馅。\n3. 将面粉用菠菜汁和均，如菠菜汁不够用，可加点清水揉匀，使表面光滑为止。然后加肉馅做成饺子。\n4待锅内水烧开后，将饺子下锅煮熟后即可。','补气养神，适用于气虚神衰、四肢无力、心悸、怔忡等症状'),(10,'人参汤圆',4,'中医药膳学','一种具有滋补功效的养身菜肴，偏甜口味。补中益气，安神强心。适用于脾虚泄泻、心悸自汗、倦怠乏力等症。','https://bkimg.cdn.bcebos.com/pic/f7246b600c338744ebf88c8dca44cef9d72a61590aa4?x-bce-process=image/format,f_auto/watermark,image_d2F0ZXIvYmFpa2UyNzI,g_7,xp_5,yp_5,P_20/resize,m_lfit,limit_1,h_1080','人参粉5克 玫瑰蜜15克 樱桃蜜黑芝麻各30克 白糖150克 鸡油30克面粉15克 糯米粉500 克','将鸡油熬熟，滤渣晾凉；面粉放干锅内炒黄；黑芝麻炒香捣碎，将玫瑰蜜、樱桃蜜压成泥状，加入白糖，撒入人参粉和匀，做成心子；将糯米粉\n合匀，包上心子作成汤圆。等锅内清水烧沸时，将汤圆下锅煮熟即成。','补中益气，安神强心，适用于脾虚泄泻、心悸自汗、倦怠乏力等症'),(11,'养元鸡子',4,'中医药膳学','养元鸡子是一道由鸡子等食材制成的食品，有补肾健脑，强壮元阳之功效。','https://bkimg.cdn.bcebos.com/pic/b03533fa828ba61eec8a9beb4634970a314e5989?x-bce-process=image/format,f_auto/watermark,image_d2F0ZXIvYmFpa2UyNzI,g_7,xp_5,yp_5,P_20/resize,m_lfit,limit_1,h_1080','鸡子2枚，小茴香6克，菟丝子15克，桑寄生15克，蜜炙黄芪15克。','鸡蛋打入碗中备用；小茴香、菟丝子、桑寄生、蜜炙黄芪入砂锅中，加水适量，煎煮2小时，趁沸时滤取药汁冲调蛋花，可依个人口味调以白糖或食盐。','补肾健脑，强壮元阳，适用于肾虚所致的早衰'),(12,'八珍糕',5,'中医药膳学','八珍糕，是以茯苓，白扁豆，莲子肉，薏米，怀山药，芡实为原料制作的一道中式传统甜品。分“男八珍”和“女八珍”具有补脾养胃的功效。\n脾胃虚弱，饮食减少，身体疲倦，面黄肌瘦','https://bkimg.cdn.bcebos.com/pic/bd315c6034a85edf8db14736b1051e23dd54564edfde?x-bce-process=image/format,f_auto/watermark,image_d2F0ZXIvYmFpa2UyNzI,g_7,xp_5,yp_5,P_20/resize,m_lfit,limit_1,h_1080','党参(去芦)60克 茯苓60克 生白术60克 扁豆60克 莲子肉60克 生薏米60克 生山药60克 芡实60克 白米面3千克 白糖2.4千克 江米面3千克','茯苓、芡实、莲子、苡仁、山药、扁豆、麦芽、藕粉各二两，共研细粉，加白糖七两，用水调合后做成糕点，并取名“健脾糕”。','健脾养胃、补气养血、增强体质，适用于脾胃虚弱、气血不足、体虚乏力等症状。'),(13,'罗汉果饮',3,'中医药膳学','罗汉果茶包选用干果经低温超微粉碎制成， 以果入药，味甘、性凉，清热润肺，滑肠通便。可用于肺火燥咳，咽痛失音，肠燥便秘等引起的肥胖等症。罗汉果一般熬水煎服，其呈淡茶水色。\n罗汉果味甘性凉，归肺、大肠经，有润肺止咳，生津止渴的功效，适用于肺热或肺燥咳嗽，百日咳及暑热伤津口渴等，此外还有润肠通便的功效。','https://bkimg.cdn.bcebos.com/pic/d01373f082025aafa5f8ac74f3edab64024f1a42?x-bce-process=image/format,f_auto/watermark,image_d2F0ZXIvYmFpa2UyNzI,g_7,xp_5,yp_5,P_20/resize,m_lfit,limit_1,h_1080','材料:罗汉果一个','做法: 罗汉果切碎,用沸水冲泡十分钟后,不拘时饮服.每日一 ~ 二次,每次一个.','具有清热润肺、止咳化痰的功效，适用于肺热或肺燥咳嗽、百日咳及暑热伤津口渴等症状，此外还有润肠通便的作用'),(14,'生姜苏叶茶',3,'中医药膳学','姜苏茶是生姜和茶叶混合泡成的茶水，有益于疏风散寒、理气和胃。\n有疏风散寒、理气和胃之功，适用于风寒感冒、头痛发热，或有恶心、呕吐、胃痛腹胀等肠胃不适型感冒。此方以药代茶，味少而精，实用简便，适于家庭保健防病治病之用。','https://bkimg.cdn.bcebos.com/pic/8b13632762d0f703edd0053504fa513d2797c5fd?x-bce-process=image/format,f_auto/watermark,image_d2F0ZXIvYmFpa2UyNzI,g_7,xp_5,yp_5,P_20/resize,m_lfit,limit_1,h_1080','生姜、苏叶各3克','将生姜切成细丝，苏叶洗净，用开水冲泡10分钟代茶饮用。每日2剂，上下午各温服1剂。','能疏风散寒、理气和胃，适用于风寒感冒、头痛发热，以及恶心、呕吐、胃痛腹胀等肠胃不适型感冒。'),(15,'银耳莲子羹',3,'中医药膳学','银耳莲子羹是以莲子、银耳，冰糖为主料制作的药膳，适宜于一切妇孺，病后体虚者，且对女性具有很好的嫩肤美容功效。羹浓味甜，口感浓甜润滑，美味可口。此汤具养阴润肺，生津整肠之效，有润肺养胃、美容养颜的功能，适用于伴有涕中带血的鼻咽癌病人和女性朋友。','https://bkimg.cdn.bcebos.com/pic/b2de9c82d158ccbf6c81888f9194ab3eb13533faeb78?x-bce-process=image/format,f_auto/watermark,image_d2F0ZXIvYmFpa2UyNzI,g_7,xp_5,yp_5,P_20/resize,m_lfit,limit_1,h_1080','银耳一朵 莲子50g 红枣50g 冰糖适量','步骤1\n银耳用清水泡发。\n步骤2\n两小时后已经完全泡发，淘洗干净，去除根部。\n步骤3\n将洗净的银耳撕碎，越小出胶越多。\n步骤4\n莲子淘洗干净。\n步骤5\n红枣洗净泡软。\n步骤6\n将红枣、银耳、莲子放入电压力锅内胆，加入没过银耳的清水。\n步骤7\n拧紧盖子，选择煲汤功能，时间我算了一下，大约50分钟。\n步骤8\n时间到了以后，再等待10分钟，放气开盖，放入适量冰糖，盖盖儿等待冰糖溶化，搅匀即可享用。','银耳莲子羹具有肝脏解毒、清热健胃、安神降压和美容养颜的功效'),(16,'小麦甘草红枣汤',1,'中医药膳学','甘草小麦大枣汤，中医方剂名。补益心脾，安神宁心。','https://img0.baidu.com/it/u=123174571,2604352006&fm=253&fmt=auto&app=138&f=JPEG?w=380&h=398','甘草三两（9g），小麦一升（270g），大枣十枚。','1.古代用法：分三服温服。\n2.现代用法：用水1.2L，煮取600ml，去滓，分三次温服。','小麦甘草红枣汤能养心安神、补脾益气，适用于心神不宁、失眠多梦、脾胃虚弱等症。\n'),(17,'白芷茯苓粥',1,'中医药膳学','白芷茯苓薏苡仁粥，是一道营养粥品，制作原料主要有白芷、茯苓、薏苡仁。祛风化痰、降浊止痛。神经衰弱属脾湿聚痰浊上犯者，症见头痛、头晕，时有恶心，胸脘痞闷，痰多味涎沫。','https://bkimg.cdn.bcebos.com/pic/48540923dd54564e2b6b0d4bbdde9c82d1584fb2?x-bce-process=image/format,f_auto/watermark,image_d2F0ZXIvYmFpa2UyNzI,g_7,xp_5,yp_5,P_20/resize,m_lfit,limit_1,h_1080','白芷10克、茯苓30克、陈皮10克','1.将白芷、茯苓、陈皮洗净，薏苡仁洗净，清水浸半小时;\n2.把白芷，茯苓，陈皮放入锅内，加清水适量，武火煮半小时，去渣，放入薏米，文火煮至粥成，加盐调味或淡食，随量食用。','白芷茯苓粥能健脾利湿、美容养颜，适用于水肿、小便不利、皮肤色素沉着等症状。\n'),(18,'参芪鸡丝冬瓜汤',1,'中医药膳学','参芪鸡丝冬瓜汤是一道以鸡胸脯肉、党参、黄芪等为主要材料制作的汤品，具有补虚养身等功效。补气食谱 老人食谱 补虚养身食谱','https://bkimg.cdn.bcebos.com/pic/43a7d933c895d143d068b6e074f082025baf07d2?x-bce-process=image/format,f_auto/watermark,image_d2F0ZXIvYmFpa2UyNzI,g_7,xp_5,yp_5,P_20/resize,m_lfit,limit_1,h_1080','参芪鸡丝冬瓜汤的制作材料：\n主料：鸡胸脯肉200克\n辅料：党参3克,黄芪3克,冬瓜皮200克\n调料：料酒10克,盐3克,味精2克','1. 鸡脯肉切丝；\n2. 鸡肉丝、党参、黄芪同放在沙锅内；\n3. 加水500克，以小火炖至八成熟；\n4. 氽入冬瓜片；\n5. 调加料酒、精盐、味精、冬瓜熟透即可。\n小帖士-健康提示：\n1. 参芪鸡丝冬瓜汤鸡肉细嫩，汤清味美；\n2. 其中所含的党参、黄芪、鸡肉能补中益气；\n3. 冬瓜健脾利湿，消肿轻身；\n4. 四种原料配合共奏健脾补气，轻身减肥之功效；\n5. 经常佐餐食用本品，有补虚减肥作用，对倦怠、嗜睡、食少、便溏、四肢浮肿、头面虚胖者，尤为适宜。','能健脾补气、利水消炎，适用于倦怠、嗜睡、食少、便溏、四肢浮肿、头面虚胖等症状，具有补虚养身等功效'),(19,'黑芝麻山药米糕',5,'中医药膳学','黑芝麻、山药属于药食同源的食物，黑芝麻加山药有健脾益胃、滋养肝肾，乌黑生发等功效。','https://img1.baidu.com/it/u=3946582547,1290322440&fm=253&fmt=auto&app=138&f=JPEG?w=660&h=422','山药 200克\n黑芝麻 50克\n大米 100克\n糯米 50克\n糖 适量（根据个人口味）\n水 适量','准备材料：将山药去皮洗净，切成小段；黑芝麻洗净晾干；大米和糯米混合洗净。\n浸泡：将大米和糯米浸泡在水中至少2小时，直到米粒变软。\n磨粉：将浸泡好的大米和糯米沥干水分，用搅拌机或石磨磨成米粉。\n蒸山药：将山药放入蒸锅中蒸熟，然后压成山药泥。\n炒黑芝麻：将黑芝麻放入锅中，用小火慢慢炒香，注意不要炒焦。\n混合材料：将磨好的米粉、山药泥和炒香的黑芝麻混合在一起，加入适量的糖，搅拌均匀。\n模具准备：准备一个模具，可以是方形或圆形，内壁涂抹一层油，方便脱模。\n填充模具：将混合好的材料填充到模具中，用勺子压实。\n蒸制：将模具放入蒸锅中，大火蒸30分钟至1小时，直到米糕完全熟透。\n冷却脱模：蒸好后，让米糕稍微冷却，然后倒扣脱模。\n切片：将米糕切成适当大小的片状。','能补肝肾、益精血、润肠燥，具有乌发养颜、提高免疫力等效果，适合帮助宝宝增强记忆力，健脑益智 '),(20,'莲肉糕',5,'中医药膳学','莲肉糕是以莲子，糯米为主料制作的药膳。\n莲肉糕，传统特色糕点，口味鲜甜有健脾益气的功效。适用于脾气亏虚型贫血的人食用。','https://bkimg.cdn.bcebos.com/pic/730e0cf3d7ca7bcb0a46e7dfaa427c63f6246a6002a2?x-bce-process=image/format,f_auto/watermark,image_d2F0ZXIvYmFpa2UyNzI,g_7,xp_5,yp_5,P_20/resize,m_lfit,limit_1,h_1080','莲子250克，糯米500克，白糖适量。','将莲子用水泡发去心，置锅中，加水适量，煮至烂熟后捞出，用洁净纱布包住，揉至烂；将糯米淘尽置盆中，加入莲肉泥，拌匀，再加水适量，上笼蒸熟，待冷后用洁净屉布压平，切块，上盘后撒白糖一层即可。','莲肉糕能健脾益气，适用于脾气亏虚型贫血的人食用 。\n'),(21,'酸枣仁粥',2,'中医药膳学','酸枣仁粥是以酸枣仁末，粳米为主料制作的药膳，用法是早晚温服。宁心安神。','https://bkimg.cdn.bcebos.com/pic/55e736d12f2eb9389b5097dd472c9235e5dde711c1c7?x-bce-process=image/format,f_auto/watermark,image_d2F0ZXIvYmFpa2UyNzI,g_7,xp_5,yp_5,P_20/resize,m_lfit,limit_1,h_1080','熟酸枣仁1两半、白米半杯。','熟酸枣仁泡水、洗净、敲碎后放到锅中，倒入适量清水，用小火煎汤取汁备用；白米泡水、洗净后放到锅中，加入适量清水，用小火煮成粥，最后加入药汁即成。','酸枣仁粥能宁心安神，适用于心悸、失眠、多梦、心烦等症状。');
/*!40000 ALTER TABLE `medicated_food` ENABLE KEYS */;
UNLOCK TABLES;

--
-- Table structure for table `order`
--

DROP TABLE IF EXISTS `order`;
/*!40101 SET @saved_cs_client     = @@character_set_client */;
/*!50503 SET character_set_client = utf8mb4 */;
CREATE TABLE `order` (
  `food_id` int DEFAULT NULL COMMENT '药膳id',
  `user_id` int DEFAULT NULL COMMENT '用户id',
  `number` int DEFAULT NULL COMMENT '菜品数',
  `rq` datetime DEFAULT NULL COMMENT '下单日期',
  `id` int NOT NULL COMMENT '订单id',
  `address` varchar(200) DEFAULT NULL COMMENT '地址',
  `phone` varchar(50) DEFAULT NULL COMMENT '电话',
  `state` int DEFAULT NULL COMMENT '订单状态\r\n0-用户已经下单\r\n1-商家已经接单\r\n2-骑手配送中\r\n3-订单已经送达\r\n4-订单已经完成',
  PRIMARY KEY (`id`),
  UNIQUE KEY `order_id_uindex` (`id`),
  KEY `order_medicated_food_id_fk` (`food_id`),
  KEY `order_user_id_fk` (`user_id`),
  CONSTRAINT `order_medicated_food_id_fk` FOREIGN KEY (`food_id`) REFERENCES `medicated_food` (`id`),
  CONSTRAINT `order_user_id_fk` FOREIGN KEY (`user_id`) REFERENCES `user` (`id`)
) ENGINE=InnoDB DEFAULT CHARSET=utf8mb4 COLLATE=utf8mb4_0900_ai_ci;
/*!40101 SET character_set_client = @saved_cs_client */;

--
-- Dumping data for table `order`
--

LOCK TABLES `order` WRITE;
/*!40000 ALTER TABLE `order` DISABLE KEYS */;
INSERT INTO `order` VALUES (1,2,1,'2024-09-28 12:51:53',1,'武汉科技大学','123456',NULL),(2,2,2,'2024-09-28 12:54:05',2,'湖北','123456',NULL),(1,2,1,'2024-09-24 13:20:16',3,'武汉科技大学','123456',NULL);
/*!40000 ALTER TABLE `order` ENABLE KEYS */;
UNLOCK TABLES;

--
-- Table structure for table `sub_health`
--

DROP TABLE IF EXISTS `sub_health`;
/*!40101 SET @saved_cs_client     = @@character_set_client */;
/*!50503 SET character_set_client = utf8mb4 */;
CREATE TABLE `sub_health` (
  `id` int NOT NULL COMMENT '主键',
  `name` varchar(100) DEFAULT NULL COMMENT '亚健康症状名',
  `symptom` varchar(1000) DEFAULT NULL COMMENT '症状',
  `type` int DEFAULT NULL COMMENT '亚健康种类\r\n1-心理亚健康\r\n2-生理亚健康\r\n3-社会适应性亚健康',
  PRIMARY KEY (`id`),
  UNIQUE KEY `sub-health_id_uindex` (`id`)
) ENGINE=InnoDB DEFAULT CHARSET=utf8mb4 COLLATE=utf8mb4_0900_ai_ci;
/*!40101 SET character_set_client = @saved_cs_client */;

--
-- Dumping data for table `sub_health`
--

LOCK TABLES `sub_health` WRITE;
/*!40000 ALTER TABLE `sub_health` DISABLE KEYS */;
INSERT INTO `sub_health` VALUES (1,'身体疲乏无力','身体疲乏无力',2),(2,'四肢易麻木','四肢易麻木',2),(3,'嗜睡','想睡觉，睡不醒',2),(4,'肌肉酸痛，肌肉痉挛','肌肉酸痛，肌肉痉挛',2),(5,'厌食','不想吃饭',2),(6,'暴饮暴食',NULL,2),(7,'焦虑',NULL,1),(8,'头晕头痛',NULL,2),(9,'心悸、胸闷',NULL,2),(10,'失眠','入睡困难、易醒',2),(11,'食欲下降',NULL,2),(12,'便秘',NULL,2),(13,'性功能下降',NULL,2),(14,'怕冷',NULL,2),(15,'情绪低落',NULL,1),(16,'急躁易怒',NULL,1),(17,'记忆力减退',NULL,2),(18,'反应力迟缓',NULL,2),(19,'怕热',NULL,2),(20,'口中发苦',NULL,2),(21,'面色萎黄',NULL,2),(22,'痤疮',NULL,2),(23,'睡眠紊乱',NULL,2),(24,'注意力下降，注意力涣散',NULL,1),(25,'情绪低落，消极',NULL,1),(26,'精神紧张',NULL,1),(27,'孤独',NULL,1),(28,'精神疲惫、萎靡、无精打采',NULL,1),(29,'情绪波动大、易情绪化',NULL,1),(30,'精神恍惚',NULL,1),(32,'恐惧空虚',NULL,1),(33,'不自信',NULL,1),(34,'冷漠',NULL,1),(35,'关节疼痛',NULL,2),(36,'头痛、头晕、头昏沉、偏头痛',NULL,2),(37,'不明原因的脑力疲劳、思维紊乱',NULL,2),(38,'心慌、心悸',NULL,2),(39,'潮热、汗出、出虚汗',NULL,2),(40,'胸闷气短',NULL,2),(41,'排便异常(a)','便秘或便溏稀或便粘滞不爽',2),(42,'排便异常(b)','肛门灼热或肛门坠胀感',2),(43,'排便异常(c)','大便稀薄、小便清长',2),(44,'腹满腹胀',NULL,2),(45,'腹泻',NULL,2),(46,'尿频、尿急',NULL,2),(47,'腰膝酸痛',NULL,2),(48,'肩背酸痛',NULL,2),(49,'肝郁脾虚型亚健康(a)','神疲乏力，周身倦怠，四肢困重',2),(50,'肝郁脾虚型亚健康(b)','头痛、头晕、面色萎黄、痤疮等',2),(51,'肝郁脾虚型亚健康(c)','食欲不振，口中甜腻或口干口苦等',2),(52,'肝郁脾虚型亚健康(d)','脘腹胀满痞闷，排便不畅，大便秘结或便质稀溏，亦可见腹痛欲泄，泄后痛减等情况',2),(53,'肝郁脾虚型亚健康(e)','精神紧张、情绪低落，或易怒，或情志低落、抑郁、焦虑不安',2),(54,'肝郁脾虚型亚健康(f)','睡眠质量下降等；反应迟钝，社交能力下降',2),(55,'肝郁化火型失眠(a)','入睡困难，或睡后易醒，醒后难以再次入睡，甚至整夜不眠',2),(56,'肝郁化火型失眠(b)','常常伴有胸胁疼痛',2),(57,'肝郁化火型失眠(c)','心烦易怒，头痛，面红目赤，口苦口干',2),(58,'肝郁化火型失眠(d)','可出现上肢麻木、乏力等颈部相关的症状，以及躯体疲乏、肌肉酸痛、情绪低落、烦躁、健忘等亚健康症状',2),(59,'颈椎病亚健康(a)','颈肩背部呈现多处疼痛等明显不适，可伴随相应的压痛点',2),(60,'颈椎病亚健康(b)','颈部僵硬、强直，转头的方向与动度出现受限情况，重者转头时躯干可随着一起动；',2),(61,'颈椎病亚健康(c)','伴随有头晕、恶心、走路困难及视物不清等症状，劳累时可加重',2),(62,'颈椎病亚健康(d)','可出现上肢麻木、乏力等颈部相关的症状，以及躯体疲乏、肌肉酸痛、情绪低落、烦躁、健忘等亚健康症状',2),(63,'咽喉炎','咽喉不适，咽炎咳嗽、多痰',2),(64,'龋齿、牙龈炎症、牙龈出血',NULL,2),(65,'口腔溃疡',NULL,2),(66,'口臭',NULL,2),(67,'脱发严重',NULL,2),(68,'头发枯燥',NULL,2),(69,'皮肤异常','皮肤易过敏、易干燥、易冒痘',2),(70,'超重肥胖',NULL,2),(71,'营养不良',NULL,2),(72,'易患感冒',NULL,2),(73,'容易视疲劳','眼睛干涩、酸肿,眼疲劳',2),(74,'黑眼圈严重',NULL,2),(75,'视力下降',NULL,2),(76,'体能下降',NULL,2),(77,'耳鸣',NULL,2),(78,'颅鸣',NULL,2),(79,'月经不调',NULL,2),(80,'痛经',NULL,2),(81,'手足冰凉、畏寒',NULL,2),(82,'肠胃不适',NULL,2),(83,'慢性肠胃炎',NULL,2),(84,'消化不良，消化功能下降',NULL,2),(85,'脊柱亚健康','脊柱僵硬、酸痛和椎体旁相关肌肉的沉僵、麻木',2),(86,'圆肩驼背',NULL,2),(87,'新陈代谢紊乱',NULL,2),(88,'机体功能紊乱',NULL,2),(89,'心肺功能减弱',NULL,2),(90,'呼吸不畅，呼吸功能下降',NULL,2),(91,'免疫力下降',NULL,2),(92,'内分泌失调',NULL,2),(93,'贫血',NULL,2),(94,'心阴虚与心血虚','有心悸心烦、健忘、失眠多梦、口干',2),(95,'阴虚肝旺','头痛眩晕、烦躁易怒、眼干、腰酸腿软、少寐多梦',2),(96,'脾胃虚弱','面色萎黄、倦怠乏力、食欲不振、胃脘满闷、胃痛喜按、腹胀便溏',2),(97,'心脾两虚','心悸健忘、心悸怔忡、失眠多梦、食欲减退、腹胀便溏、倦怠无力、面色萎黄；',2),(98,'心肾不交','心悸、心烦、失眠、头晕健忘、腰酸腿软，小便短赤或灼热感等',2),(99,'气滞、阳虚、气虚、阴虚(a)','气机不畅、不通则痛',2),(100,'气滞、阳虚、气虚、阴虚(b)','女性脘腹胀痛、乳房胀痛、痛经等症状',2),(101,'气滞、阳虚、气虚、阴虚(c)','乏力',2),(102,'脾气不旺','胃脘胀满、食少纳呆',2),(103,'水湿不运','痰饮水肿、带下量多、头身困重',2),(104,'肾虚不固','小便频数、夜尿烦多',2),(105,'人际交往紧张、敏感',NULL,3),(106,'社交孤僻','不愿与人交往，疏离群体',3),(107,'各种适应能力下降','生存能力及心理承受力差',3),(108,'情感障碍','情感淡漠、冷漠寡言',3),(109,'丧失兴趣爱好',NULL,3);
/*!40000 ALTER TABLE `sub_health` ENABLE KEYS */;
UNLOCK TABLES;

--
-- Table structure for table `subhealth_medicatedfood`
--

DROP TABLE IF EXISTS `subhealth_medicatedfood`;
/*!40101 SET @saved_cs_client     = @@character_set_client */;
/*!50503 SET character_set_client = utf8mb4 */;
CREATE TABLE `subhealth_medicatedfood` (
  `sub_health_id` int NOT NULL,
  `medicated_food` int NOT NULL,
  PRIMARY KEY (`sub_health_id`,`medicated_food`),
  KEY `subhealth_medicatedfood_medicated_food_id_fk` (`medicated_food`),
  CONSTRAINT `subhealth_medicatedfood_medicated_food_id_fk` FOREIGN KEY (`medicated_food`) REFERENCES `medicated_food` (`id`),
  CONSTRAINT `subhealth_medicatedfood_sub-health_id_fk` FOREIGN KEY (`sub_health_id`) REFERENCES `sub_health` (`id`)
) ENGINE=InnoDB DEFAULT CHARSET=utf8mb4 COLLATE=utf8mb4_0900_ai_ci;
/*!40101 SET character_set_client = @saved_cs_client */;

--
-- Dumping data for table `subhealth_medicatedfood`
--

LOCK TABLES `subhealth_medicatedfood` WRITE;
/*!40000 ALTER TABLE `subhealth_medicatedfood` DISABLE KEYS */;
INSERT INTO `subhealth_medicatedfood` VALUES (1,1),(1,2),(1,3),(1,4),(1,5),(1,6),(1,7),(1,8),(1,9),(1,10),(1,11);
/*!40000 ALTER TABLE `subhealth_medicatedfood` ENABLE KEYS */;
UNLOCK TABLES;

--
-- Table structure for table `user`
--

DROP TABLE IF EXISTS `user`;
/*!40101 SET @saved_cs_client     = @@character_set_client */;
/*!50503 SET character_set_client = utf8mb4 */;
CREATE TABLE `user` (
  `id` int NOT NULL COMMENT '主键',
  `name` varchar(100) NOT NULL COMMENT '用户名',
  `password` varchar(50) NOT NULL COMMENT '密码',
  `account` varchar(50) NOT NULL COMMENT '账号',
  PRIMARY KEY (`id`),
  UNIQUE KEY `user_account_uindex` (`account`),
  UNIQUE KEY `user_id_uindex` (`id`)
) ENGINE=InnoDB DEFAULT CHARSET=utf8mb4 COLLATE=utf8mb4_0900_ai_ci;
/*!40101 SET character_set_client = @saved_cs_client */;

--
-- Dumping data for table `user`
--

LOCK TABLES `user` WRITE;
/*!40000 ALTER TABLE `user` DISABLE KEYS */;
INSERT INTO `user` VALUES (2,'普通用户','123456','普通用户');
/*!40000 ALTER TABLE `user` ENABLE KEYS */;
UNLOCK TABLES;
/*!40103 SET TIME_ZONE=@OLD_TIME_ZONE */;

/*!40101 SET SQL_MODE=@OLD_SQL_MODE */;
/*!40014 SET FOREIGN_KEY_CHECKS=@OLD_FOREIGN_KEY_CHECKS */;
/*!40014 SET UNIQUE_CHECKS=@OLD_UNIQUE_CHECKS */;
/*!40101 SET CHARACTER_SET_CLIENT=@OLD_CHARACTER_SET_CLIENT */;
/*!40101 SET CHARACTER_SET_RESULTS=@OLD_CHARACTER_SET_RESULTS */;
/*!40101 SET COLLATION_CONNECTION=@OLD_COLLATION_CONNECTION */;
/*!40111 SET SQL_NOTES=@OLD_SQL_NOTES */;

-- Dump completed on 2026-01-28  0:36:57
